company,address,postalZip,country
Auctor Velit Foundation,"P.O. Box 885, 354 Quam St.",6413,Australia
Neque Vitae Inc.,513-5098 Aenean St.,8594,Australia
A Feugiat Tellus Consulting,"P.O. Box 550, 9315 Ultricies Avenue",9160,Australia
Convallis Dolor Inc.,3250 Dolor. Av.,6779,Australia
Cras Incorporated,Ap #335-204 Viverra. Ave,4276,Australia
Sapien Cras Dolor Corporation,Ap #526-4021 Sagittis St.,9875,Australia
Justo Ltd,584-9423 Mollis Street,7811,Australia
Convallis Ligula Industries,"P.O. Box 543, 3051 Convallis Street",7825,Australia
Maecenas Malesuada Fringilla Foundation,"409 Odio, St.",2817,Australia
Lectus Corporation,Ap #214-9278 Eros. Avenue,2163,Australia
Ante Lectus Limited,"P.O. Box 388, 564 Ornare Rd.",4325,Australia
Pellentesque Associates,"128-2312 Mauris, Av.",8805,Australia
Elit Sed Corporation,"P.O. Box 267, 8773 Et Street",8718,Australia
Mollis Duis Company,Ap #691-900 Eu Street,7475,Australia
Tristique Pellentesque Corp.,516-6653 Metus. Avenue,6095,Australia
Ullamcorper Foundation,938-3900 Diam. Av.,5234,Australia
Nam Porttitor Associates,Ap #549-8008 Scelerisque Rd.,7119,Australia
Cras Interdum Nunc Associates,1632 Posuere St.,3582,Australia
Laoreet Libero LLP,398-4441 Enim. St.,2431,Australia
Eros Nam Consequat Corporation,603-8110 Odio. St.,9472,Australia
Donec Corporation,7882 Arcu. Av.,1250,Australia
Sodales Purus In Institute,731-986 Aliquam St.,5556,Australia
Mauris Morbi LLP,8274 Egestas. Rd.,4345,Australia
Amet LLP,"176-664 Ac, Rd.",4872,Australia
Ipsum Dolor Sit Ltd,285-4888 Velit Rd.,3160,Australia
Id Nunc Industries,7699 Commodo St.,8674,Australia
Enim Industries,360-4154 Curabitur Road,5207,Australia
Nisl Nulla Associates,Ap #772-2570 Nibh Rd.,4824,Australia
Lorem Auctor Quis Limited,"588-2314 Ac, Road",8166,Australia
Nisi Magna Corporation,Ap #869-1445 Eu Av.,4641,Australia
Sit Amet Ante Institute,"P.O. Box 364, 5455 Mauris. Rd.",4982,Australia
Suspendisse Eleifend Cras LLC,354-9423 Viverra. Avenue,9284,Australia
Arcu Curabitur Foundation,297-2552 Maecenas Ave,8463,Australia
Volutpat Nulla Dignissim Company,434-1473 At Ave,8540,Australia
Nunc Sit LLP,Ap #328-6354 Penatibus Rd.,3654,Australia
Sed Et Libero Corporation,617 Dictum Avenue,5271,Australia
Nunc Corp.,Ap #409-369 Fringilla Road,2778,Australia
Nec Enim PC,"P.O. Box 359, 9581 Duis St.",5587,Australia
Erat Vivamus Nisi PC,135-8085 At Av.,8028,Australia
Elementum At Egestas Corporation,4131 Accumsan Road,3234,Australia
Lorem Ipsum Sodales Associates,Ap #563-243 Non Av.,2588,Australia
Neque Venenatis Inc.,161-8991 Bibendum Road,2361,Australia
Dolor Sit Amet Incorporated,Ap #531-5652 Tristique Rd.,9301,Australia
Magna Suspendisse Corp.,Ap #710-3943 Aliquam Road,4823,Australia
Eros Turpis PC,5647 Ut St.,8887,Australia
Lectus Ante Dictum LLC,"P.O. Box 666, 7350 Suscipit, Street",6908,Australia
Lorem Ltd,"433-9499 A, St.",2410,Australia
Neque Pellentesque Inc.,199 A Road,1688,Australia
In Institute,Ap #623-3776 Nullam Street,5670,Australia
Turpis Corporation,8948 A St.,6821,Australia
Dis LLP,"Ap #249-5905 Imperdiet, St.",4365,Australia
In Tempus Corp.,794-2532 Tincidunt Rd.,7812,Australia
Egestas PC,Ap #312-891 Nulla Rd.,2527,Australia
Pharetra Ltd,Ap #677-2621 Suspendisse Rd.,5031,Australia
Non Leo Vivamus PC,996-9794 Nunc. St.,2584,Australia
Arcu Sed Eu Corporation,295-2635 Ullamcorper Rd.,9933,Australia
Mi Aliquam Industries,8323 Vel St.,3491,Australia
Phasellus Dapibus Corporation,"P.O. Box 913, 7273 Velit Rd.",3570,Australia
Fringilla Ornare PC,Ap #194-4278 Senectus Avenue,3332,Australia
Diam Dictum LLP,"P.O. Box 596, 5914 Donec Rd.",8675,Australia
Pellentesque Habitant LLC,Ap #156-4342 Gravida Rd.,5411,Australia
Neque Associates,Ap #480-1512 Egestas Rd.,4263,Australia
Vitae Purus Inc.,"Ap #126-672 Ut, Street",6316,Australia
Gravida Sit Corporation,958-4450 Faucibus Rd.,4328,Australia
Orci Ut Ltd,Ap #849-901 Mauris St.,6048,Australia
Et Libero Proin Consulting,1377 Mauris St.,6374,Australia
Pede Nonummy Ut Incorporated,815-1144 Diam. Street,7807,Australia
Ipsum LLC,Ap #901-4736 Fermentum Street,9216,Australia
Odio Nam Interdum Industries,Ap #335-1849 Ipsum Street,5119,Australia
Fusce Associates,399-5112 Pede. Road,4281,Australia
Egestas Nunc PC,8226 Neque Ave,3963,Australia
Lacinia Sed LLC,Ap #868-2532 Mauris St.,4648,Australia
In Ltd,384-6794 Donec Avenue,5975,Australia
Quisque Porttitor Eros Corporation,336-3348 Lacinia. Rd.,2623,Australia
Nec Tempus LLC,752-9501 Diam Av.,4837,Australia
Vestibulum Consulting,"P.O. Box 905, 4768 Parturient Avenue",8273,Australia
Urna Suscipit Nonummy Limited,3856 Cum Av.,1569,Australia
Lobortis Foundation,693-8770 Iaculis Ave,2685,Australia
Sem PC,148-6196 Elit. Rd.,3977,Australia
Urna Justo Inc.,"P.O. Box 739, 6325 Erat, Ave",6326,Australia
Egestas Sed LLC,"152-4483 Eget, Street",7936,Australia
Velit In Institute,Ap #932-5456 Velit St.,6989,Australia
Lacinia At Incorporated,596-6521 Donec Street,3345,Australia
Lobortis Augue Corp.,131-5896 Duis Rd.,3621,Australia
Consectetuer Company,333-8649 Turpis Av.,3635,Australia
Vitae Velit LLP,Ap #647-9015 In St.,3627,Australia
Aliquam Consulting,9299 Eget St.,8945,Australia
Dui Company,411-6023 Tincidunt Av.,3731,Australia
In Sodales Foundation,1960 Etiam Ave,2876,Australia
Consectetuer Mauris Company,"P.O. Box 687, 8703 Sem St.",2628,Australia
Aliquam Ornare Institute,440-6001 Natoque Rd.,4067,Australia
Class Aptent Ltd,"P.O. Box 934, 5869 Ornare, Ave",7584,Australia
Adipiscing Ligula Aenean Limited,7942 Ipsum Ave,3725,Australia
Nibh Limited,Ap #739-3427 Mi Rd.,6572,Australia
Adipiscing Fringilla Ltd,709-2298 Blandit St.,5173,Australia
Nulla Incorporated,9179 Venenatis Road,7374,Australia
Tempor Company,Ap #505-5478 Iaculis Av.,3550,Australia
Sagittis Placerat LLC,6431 Eget St.,6338,Australia
Arcu Nunc Ltd,"327-8859 Pharetra, Ave",2235,Australia
Aenean Euismod PC,"P.O. Box 664, 3008 Vitae, Rd.",9667,Australia
