contact_name,contact_phone,contact_email
Hannah Powers,0668 981 932,sed@aol.ca
Ryan Ellison,0744 458 566,malesuada.malesuada@yahoo.net
Hu Petty,0635 635 144,neque.morbi@outlook.com
Tate Bell,0765 379 475,ligula.donec.luctus@outlook.edu
Cassandra Terrell,0924 287 248,lorem@icloud.net
Flavia Solomon,0779 227 698,proin@icloud.org
Buckminster Atkins,0587 338 662,sed.facilisis@icloud.com
Aaron Goodman,0825 562 537,augue.ut@yahoo.couk
Lysandra Hopkins,0755 359 323,vel.mauris@hotmail.net
Kai James,0282 388 238,ipsum.sodales.purus@yahoo.net
Philip Wiley,0858 458 835,tempor.lorem@yahoo.ca
Alec Delaney,0314 577 568,vehicula.pellentesque.tincidunt@protonmail.net
Mira Lewis,0535 532 449,pharetra.nibh@protonmail.com
Zachery Webb,0757 456 277,eu.elit@google.ca
Lamar Munoz,0472 342 773,eget@yahoo.org
Brett Delgado,0297 436 673,ante@aol.net
Noelani Osborne,0839 474 452,aliquet.diam@aol.net
Chelsea Hancock,0139 186 342,lorem@aol.com
Wade Jacobson,0565 628 274,leo.elementum@yahoo.net
Tucker Carpenter,0377 263 478,sodales.at.velit@protonmail.edu
Noelani Olson,0728 278 354,malesuada@icloud.edu
Linus Brock,0732 795 728,ipsum@protonmail.edu
Neville Moon,0831 787 419,eleifend@google.edu
Tatiana Cooke,0437 777 356,et.nunc@google.net
Samantha Robbins,0831 647 465,sapien.aenean@icloud.com
Lois Rogers,0552 987 326,integer.vulputate@google.org
Omar Hall,0743 872 615,vulputate@yahoo.ca
Lacy Terrell,0284 655 579,id.ante.dictum@icloud.ca
Isaac Pittman,0932 464 622,curae.phasellus@icloud.couk
Russell Frye,0338 618 776,senectus@icloud.org
Keiko Dawson,0243 689 193,dictum@icloud.edu
Xenos Hobbs,0668 176 662,phasellus.vitae.mauris@yahoo.ca
Meredith Blair,0475 737 457,lacus.etiam.bibendum@protonmail.edu
Laith Powell,0834 295 835,orci.donec@yahoo.couk
Fleur Clarke,0184 472 555,nisi@aol.org
Whoopi Prince,0631 269 136,aliquet.libero@icloud.edu
Lev Frost,0995 343 526,maecenas.ornare@hotmail.com
Eaton Buckley,0625 426 774,sed.dui@aol.ca
Aurora Burks,0217 536 374,quam.pellentesque.habitant@yahoo.ca
Richard Steele,0723 916 754,nonummy.ac.feugiat@outlook.couk
Jaden Beasley,0135 448 456,donec.nibh@protonmail.org
Cameron Spence,0461 737 953,odio.semper.cursus@yahoo.org
Mark Santos,0766 831 834,pede.sagittis@aol.org
Carly Guy,0839 613 716,cursus.diam@icloud.edu
Jasper Alvarado,0748 724 616,vel.nisl@aol.edu
Hamilton Rollins,0346 484 452,enim@icloud.couk
Lee Patrick,0683 233 919,lorem@protonmail.org
Nasim York,0217 877 771,scelerisque@aol.com
Ila Horton,0559 457 448,ac.fermentum@outlook.net
Roth Ross,0332 356 333,fringilla.cursus.purus@yahoo.couk
Galvin Marshall,0672 483 645,eleifend.non@aol.com
Quentin Dorsey,0236 429 133,elit@hotmail.net
Winifred Gallegos,0742 262 974,mauris.morbi.non@icloud.edu
Samson Randolph,0477 591 648,semper@google.com
Jerome Medina,0425 884 747,dictum.sapien@yahoo.org
Ursula Guerrero,0965 345 727,magnis@hotmail.net
Abigail Watson,0972 775 237,iaculis@outlook.com
Plato Oneal,0765 376 676,at@icloud.edu
Illana Simmons,0274 768 363,pellentesque.habitant@aol.net
Wynne Knox,0617 558 342,natoque.penatibus@icloud.org
Camille Camacho,0585 132 744,mauris@icloud.edu
Julie Salinas,0655 317 738,orci.tincidunt.adipiscing@protonmail.net
Veda Mendoza,0584 534 785,elit.nulla@google.ca
Britanney Roy,0929 634 699,nec.imperdiet@protonmail.ca
Abdul Black,0728 563 586,ultricies.adipiscing@protonmail.net
Zelda Peck,0187 329 363,lacinia@icloud.org
Amity Harrell,0221 738 524,sociis@protonmail.org
Kimberly Aguilar,0721 369 636,nec.luctus.felis@protonmail.net
Yoko Valencia,0642 542 228,neque@icloud.net
Bruno English,0733 256 973,risus@icloud.com
Emerson Fernandez,0833 549 586,tempor.lorem.eget@google.edu
Zena Garner,0487 846 777,quis.massa.mauris@aol.ca
James Porter,0266 468 881,curae.phasellus@aol.couk
Courtney Koch,0763 498 778,diam.proin@yahoo.edu
Maya Steele,0448 242 679,magnis@google.edu
Karen Alvarado,0536 655 457,euismod.enim.etiam@icloud.couk
Hakeem Flynn,0221 925 527,rhoncus.nullam@protonmail.org
Demetrius Nolan,0859 338 474,donec.elementum.lorem@outlook.net
Jack Hancock,0626 377 982,donec.est@aol.net
Hedy David,0224 537 236,nunc.in@icloud.ca
Logan Reid,0445 241 566,vel@aol.ca
Jackson Lang,0244 735 757,vivamus.nisi.mauris@protonmail.couk
Linda Best,0457 793 168,ac@yahoo.com
Ramona Martin,0671 836 485,imperdiet.ornare@yahoo.ca
Jemima Frank,0272 843 767,et@icloud.couk
Damian Moon,0262 843 893,cras.sed@yahoo.org
Amber Roy,0568 768 472,dapibus.quam@yahoo.ca
Hanae Gardner,0728 938 422,nisi.aenean@aol.couk
Colton Potts,0735 238 793,integer.id@yahoo.com
Ashely Pearson,0754 822 927,libero.dui@protonmail.net
Timon Mcclure,0783 388 147,diam@google.couk
Rowan Wood,0473 152 288,non.cursus@yahoo.edu
Solomon Hodge,0661 998 758,et@hotmail.edu
Basia Rasmussen,0459 131 586,at@yahoo.org
Rebecca Banks,0829 754 842,ante@outlook.com
Alvin Shaw,0765 815 888,lobortis.quam@protonmail.com
Brennan Wooten,0995 862 542,non.bibendum.sed@aol.com
Kane Brooks,0976 723 369,vitae.diam@aol.com
Nadine Hartman,0536 643 773,risus@protonmail.ca
Iris Shannon,0772 937 533,elit.pharetra@google.edu
Porter Allen,0554 348 251,sem@aol.net
Cassady Callahan,0918 676 383,aliquam.auctor@google.org
Murphy Mcclure,0476 378 963,magna.lorem@yahoo.com
Bruno Ross,0477 253 359,massa.integer@google.com
Benedict Avery,0482 341 653,semper@google.ca
Camilla Page,0644 588 763,eu.sem.pellentesque@outlook.org
Rhiannon Mcbride,0752 254 466,nibh@protonmail.com
Riley Smith,0287 887 427,et@hotmail.edu
Jada Garner,0572 638 277,felis@outlook.couk
Graham Goodwin,0457 867 632,sit.amet.risus@yahoo.edu
Herman Mcdaniel,0478 427 248,et.commodo@google.ca
William Mitchell,0359 858 977,commodo.hendrerit@hotmail.edu
Wayne Strickland,0869 928 559,dignissim.maecenas@icloud.ca
Autumn Cooley,0524 938 327,quam.curabitur.vel@hotmail.net
Gray Carver,0345 968 743,ante.nunc.mauris@icloud.org
Kamal Waller,0725 176 688,vel.arcu@yahoo.edu
Cole Cotton,0373 172 344,nunc.nulla@outlook.org
Arthur Noble,0555 265 337,justo.proin.non@icloud.couk
Tatyana Neal,0735 285 118,magna.suspendisse@yahoo.net
Stone Sharp,0778 314 847,posuere.enim@icloud.org
Lamar Wilder,0937 664 841,proin.non.massa@hotmail.net
Emerson Burt,0513 729 568,hendrerit@protonmail.org
Lani Parks,0318 382 671,gravida.sit@google.net
Sawyer Montoya,0387 254 947,adipiscing.lacus@aol.org
Keaton Norton,0339 477 922,sit.amet@aol.ca
Jin Simpson,0665 777 797,sagittis.duis@icloud.edu
Celeste Griffin,0382 726 239,odio@icloud.ca
Lacey Strong,0482 654 794,sed.leo@google.net
Hasad Stephens,0851 359 987,nisl.nulla.eu@hotmail.org
Conan Stewart,0544 315 796,nunc.pulvinar@outlook.edu
Felix Carver,0162 253 527,mi.duis@protonmail.ca
Steel Thomas,0535 862 262,nec.tempus@protonmail.com
Bradley Merritt,0191 634 121,eget.metus@google.edu
Suki Glover,0656 937 128,egestas.fusce@protonmail.couk
Steven Benton,0864 682 373,dolor.egestas.rhoncus@outlook.edu
Sonya Mcintosh,0862 724 254,ullamcorper@protonmail.net
Reece Britt,0746 752 994,sapien@aol.couk
Jameson Dunlap,0826 772 557,dui.cum.sociis@outlook.edu
Kiayada Vang,0723 672 757,mattis@aol.org
Dai Mayer,0232 347 943,gravida.non@hotmail.org
Alfonso Stevenson,0818 772 895,sem.pellentesque@aol.org
Kiona Shepherd,0846 742 844,morbi.neque@hotmail.org
Shannon Small,0896 358 527,ut.semper@hotmail.net
Todd Morris,0183 541 763,lacus.quisque.imperdiet@protonmail.couk
Travis Merrill,0213 481 644,lacus.etiam@outlook.org
Lacy Nunez,0618 817 773,turpis.aliquam@hotmail.org
Cassandra Gates,0171 784 395,accumsan.laoreet@outlook.org
Harlan Lambert,0826 626 517,lectus.cum.sociis@protonmail.couk
Raphael English,0155 927 877,magna@outlook.ca
Edan Sanders,0954 678 823,dui.nec@hotmail.couk
Maggie Perez,0784 164 138,gravida.non@aol.ca
Alana Kirkland,0834 696 453,luctus.aliquet@icloud.ca
Rebekah Kidd,0138 343 766,quisque.imperdiet@aol.couk
Ishmael French,0851 275 958,vel@aol.org
Tamekah Hendricks,0182 623 137,lacus.etiam@yahoo.ca
Velma Kim,0534 736 874,nam.nulla@protonmail.couk
Gabriel Hurley,0427 775 539,sed@hotmail.com
Brennan Hensley,0159 222 866,nec.quam.curabitur@yahoo.edu
Dane Bowers,0172 791 676,mattis.semper.dui@outlook.com
Germaine Peck,0524 768 175,at@protonmail.com
Moses Hicks,0264 269 457,cursus.vestibulum@google.couk
Colby Zamora,0679 567 155,mi@hotmail.couk
Avye Beard,0574 453 914,mollis.nec.cursus@aol.edu
Ezekiel Hays,0723 383 834,quis@protonmail.couk
Hillary Weber,0884 534 239,eu.metus@hotmail.com
Francis Mathis,0253 424 832,donec.consectetuer.mauris@aol.org
Perry Hudson,0959 766 123,montes@hotmail.org
Maryam Montoya,0551 475 155,dui.quis@protonmail.couk
Lillith William,0737 715 544,scelerisque@hotmail.edu
Forrest Brock,0166 942 472,integer.eu@hotmail.com
Paki Alvarado,0758 477 637,dui@hotmail.couk
Jordan Bender,0533 324 241,mauris.ut@protonmail.couk
Dustin Byers,0832 197 833,laoreet.ipsum.curabitur@yahoo.org
Stone Mcgee,0729 548 947,sit.amet@yahoo.edu
Devin Kidd,0385 615 678,a.mi@google.net
Carl Mcbride,0567 918 824,lectus@outlook.net
Colby Simpson,0172 824 646,magna.a@icloud.net
Gloria Kemp,0647 843 248,ornare.fusce@aol.org
Craig Beck,0666 857 292,ultrices.mauris.ipsum@google.org
Ginger Mcneil,0515 313 736,vitae.odio@hotmail.edu
Evelyn Hensley,0388 247 869,egestas.duis.ac@hotmail.org
Shaine Salas,0535 747 432,malesuada.fames@outlook.org
Nicholas Hansen,0679 592 477,dis.parturient@aol.edu
Hayley Garner,0731 824 264,ornare@outlook.net
Maxwell Payne,0347 823 973,nunc.laoreet@outlook.edu
Cally Delgado,0932 952 827,a.ultricies.adipiscing@aol.edu
Kasimir Shaw,0735 573 366,neque.morbi.quis@icloud.org
Otto Beck,0187 275 654,nec.tempus@google.couk
Echo Smith,0289 247 464,lorem@google.ca
Nayda Valenzuela,0415 971 774,ultricies.ornare.elit@icloud.com
Phillip Stanton,0823 893 838,nunc@hotmail.org
Julian Duffy,0438 776 496,ut.tincidunt.vehicula@aol.edu
Abdul Flores,0472 482 552,congue.elit@protonmail.edu
Abdul Flowers,0728 685 366,nunc.sed.libero@hotmail.couk
Madaline Porter,0638 322 855,felis.purus@yahoo.org
Ocean Kirkland,0381 822 527,ultricies.ornare@yahoo.edu
Ezekiel Snyder,0827 483 766,justo@protonmail.edu
Ahmed Quinn,0254 378 975,nibh@protonmail.edu
Vera Stuart,0451 958 712,cursus.luctus@aol.couk
Judah Green,0856 491 698,ut@protonmail.org
Pandora Pearson,0167 279 746,egestas.sed.pharetra@aol.couk
Maile Reeves,0644 633 427,ac.risus.morbi@google.net
Phelan Pittman,0473 298 345,neque.et@icloud.net
Berk Doyle,0723 383 547,eu.nulla@icloud.edu
Deborah Fischer,0382 324 937,eros.proin@protonmail.net
Stewart Thornton,0736 472 973,luctus@outlook.com
Blythe Jarvis,0784 554 248,dis.parturient@outlook.edu
Ursa Beck,0238 769 114,posuere.vulputate.lacus@aol.ca
Demetrius Hartman,0482 598 977,dolor@hotmail.net
Cecilia Welch,0868 652 736,vestibulum@protonmail.com
Aquila Calhoun,0459 857 354,amet.luctus@google.net
Drew Hart,0552 211 872,nulla.ante.iaculis@icloud.org
Hamish Strickland,0125 249 787,diam.luctus@protonmail.edu
Macey Moreno,0264 853 413,magnis.dis@icloud.org
Erin Grant,0378 592 749,nunc.in.at@protonmail.com
Jermaine Brooks,0921 336 865,amet@outlook.ca
Jacqueline Long,0215 552 667,vitae.posuere@aol.net
Noel Anderson,0331 767 958,nulla@aol.org
Breanna Pate,0436 846 312,dui.fusce@google.org
Nasim Harris,0356 733 315,neque.non@aol.com
Kessie Small,0388 555 433,rhoncus@outlook.net
Maya Hardy,0617 747 156,velit.egestas@google.ca
Murphy Aguirre,0185 887 565,nulla.eu.neque@icloud.net
Tyrone Craig,0725 915 523,in.nec@protonmail.ca
Violet Santiago,0421 783 281,lobortis.class@hotmail.edu
Rachel Faulkner,0942 154 797,nisi.sem@outlook.net
Elaine Banks,0786 164 396,aliquam.ultrices@outlook.couk
Vivian Robinson,0426 867 677,molestie.orci@google.org
Cullen Riggs,0862 466 448,sit@outlook.com
Phelan Hill,0532 624 314,aliquam@aol.edu
Elton Berg,0652 291 687,egestas@outlook.com
Hamilton Fuller,0762 483 584,sed.pharetra@aol.ca
Sydney Alston,0762 447 695,libero@aol.net
Ciara Armstrong,0572 322 739,eu@protonmail.edu
Brady Stanton,0385 811 484,sed.dui.fusce@hotmail.edu
Molly Chase,0123 846 536,vel.mauris.integer@google.ca
Jakeem Emerson,0334 526 652,morbi.neque.tellus@protonmail.edu
Whitney Galloway,0136 258 961,lacinia.mattis@aol.edu
Barrett Craft,0635 723 797,lorem.donec.elementum@aol.com
Luke Oneal,0858 335 839,nunc.sed@hotmail.org
Hedy Nixon,0947 817 957,imperdiet@protonmail.ca
Keiko Thornton,0267 388 341,massa.suspendisse@google.couk
Garrison Kirby,0227 746 881,mollis.dui@aol.net
Adam Rocha,0551 933 489,lacus.cras.interdum@icloud.net
Clayton Goodwin,0658 148 733,aliquam.ornare@aol.org
Anthony Daugherty,0654 966 164,adipiscing@hotmail.com
Phyllis Cash,0948 531 968,morbi.accumsan@yahoo.org
Teegan Melton,0463 721 224,placerat.velit@yahoo.net
Mariam Carpenter,0314 721 374,tempus@aol.com
Naida Griffith,0716 496 337,enim.curabitur.massa@hotmail.net
Chadwick Jensen,0845 928 592,magna@outlook.edu
Armando Ball,0543 582 566,arcu@aol.ca
Sawyer Carney,0285 497 863,nisi.magna.sed@yahoo.org
Neville Santos,0444 665 864,arcu.sed@protonmail.net
Knox Delaney,0613 323 476,lectus@google.com
Hu Mendez,0672 871 746,non.sollicitudin@outlook.com
Ishmael Morse,0443 334 691,ut@yahoo.ca
Erica Callahan,0445 717 288,faucibus@hotmail.org
Macey O'donnell,0574 245 254,in.condimentum@outlook.com
Victor Stewart,0782 616 588,adipiscing@outlook.couk
Alec Conner,0224 124 951,eleifend.nec@aol.ca
Cadman Holder,0644 813 779,hendrerit@google.com
Lucy Hampton,0996 949 482,augue.ac@icloud.edu
Nero Wade,0544 649 682,sodales.mauris.blandit@icloud.org
Nathaniel Harding,0463 458 767,gravida.aliquam@icloud.org
Sonya Schroeder,0882 576 173,amet@google.ca
Grant Huber,0878 888 558,et.ipsum.cursus@icloud.ca
Aphrodite Stark,0855 261 179,rutrum.urna@yahoo.couk
Kamal Boyer,0864 818 248,sed.dictum.eleifend@aol.ca
Breanna Spears,0527 572 167,sagittis.nullam@icloud.net
Claire Gomez,0845 578 783,a@aol.org
Karina Brock,0732 353 253,nulla@protonmail.net
Byron Mason,0452 758 549,adipiscing.non@google.couk
Hillary Albert,0215 652 487,dolor.quisque@aol.couk
Demetria Frazier,0547 659 397,lacinia.at.iaculis@yahoo.edu
Benedict Roy,0265 818 389,mollis.non.cursus@protonmail.net
Dolan Shaw,0923 142 438,vestibulum.neque@outlook.ca
Maggie Donovan,0414 716 361,malesuada.fames.ac@icloud.org
Pascale Cruz,0233 773 354,venenatis.a@hotmail.ca
Ferris Baker,0543 638 126,ac.urna.ut@yahoo.org
Shay Ewing,0425 728 533,scelerisque.sed@google.ca
Buckminster Pace,0436 328 396,cras@outlook.couk
Nasim Rojas,0324 664 632,iaculis@yahoo.edu
Shellie Robertson,0227 612 797,cursus.a@icloud.com
Nina Romero,0488 594 535,nec@hotmail.org
Quamar Michael,0745 796 453,ac.sem@hotmail.couk
Sandra Wong,0553 382 362,ultrices@aol.com
Winifred Greer,0758 385 733,imperdiet@yahoo.org
Malcolm Goodwin,0563 237 284,dui.cras.pellentesque@yahoo.org
Kibo Patton,0232 753 678,at@icloud.com
Tatum Haley,0573 915 333,est@yahoo.edu
Kennedy Figueroa,0646 374 843,magnis.dis@outlook.couk
Britanney Oneil,0736 676 167,aliquam.iaculis.lacus@icloud.edu
Kamal Hansen,0341 152 355,tristique@icloud.edu
Jennifer Walsh,0754 556 197,mauris@google.net
Hyatt George,0724 326 363,suspendisse@hotmail.edu
Ursa Cleveland,0788 322 593,lectus.quis@hotmail.com
Karyn Hewitt,0253 723 423,quis@protonmail.org
Aristotle Pennington,0354 346 678,aliquet.molestie.tellus@hotmail.edu
Haley Christian,0346 275 418,arcu.morbi.sit@protonmail.ca
Hayley Gould,0325 422 843,vel.vulputate@outlook.com
Talon Melendez,0762 538 712,euismod.et@hotmail.edu
Craig Walker,0936 657 365,eros.nam.consequat@icloud.com
Kennan Walker,0858 337 836,sed.molestie@yahoo.com
Charity Murphy,0844 547 985,nisi.dictum@hotmail.net
Christen Meyers,0773 887 376,bibendum.fermentum@yahoo.couk
Blossom Spears,0424 381 246,primis@aol.net
Colin Parsons,0265 786 784,ligula@yahoo.org
Maia Chen,0355 323 442,at.velit.cras@outlook.org
Upton Ford,0213 843 888,arcu.imperdiet@hotmail.ca
Dora Simon,0412 659 242,amet@protonmail.com
Yael Day,0359 522 374,tortor@google.org
Stella Nixon,0847 287 477,euismod.urna@outlook.org
Bruno Park,0551 344 673,integer@hotmail.edu
Lee Frederick,0648 368 645,sollicitudin@aol.ca
Sacha Terry,0548 772 135,suspendisse@protonmail.couk
Callie Monroe,0898 844 558,ut.molestie.in@protonmail.ca
Freya Hammond,0335 477 388,duis.a@hotmail.com
Chandler Wolf,0171 914 286,tristique.aliquet@yahoo.org
Nathan Wiggins,0753 436 356,a.purus@hotmail.net
Colby Compton,0145 681 524,tincidunt@aol.com
Raymond Walton,0927 547 436,ultricies.ornare@aol.edu
Jamal Holcomb,0814 137 323,semper@protonmail.ca
Patrick Macias,0836 247 897,lorem.ipsum.dolor@yahoo.couk
Sylvia Hill,0829 464 683,ultricies.adipiscing.enim@google.couk
Orlando Pugh,0777 812 783,et.magna.praesent@google.ca
Sigourney Wilson,0182 775 425,porttitor.eros@icloud.couk
Amy Benton,0344 276 425,tellus.non@aol.com
Jaquelyn Barlow,0825 647 275,placerat.eget@aol.ca
Garrett Holloway,0873 624 633,a.scelerisque@icloud.net
Rebekah Levy,0632 871 669,vulputate@hotmail.edu
Holmes Moon,0674 949 177,amet.risus.donec@hotmail.com
Tad Burt,0122 412 754,porttitor.eros.nec@protonmail.edu
Dara Valentine,0373 354 893,elit.pretium.et@yahoo.org
Gretchen Coffey,0732 744 865,magnis.dis@hotmail.com
Nora Stein,0419 253 344,penatibus.et@yahoo.couk
Aline Bean,0345 354 341,pellentesque@yahoo.org
Jane Rose,0993 848 477,velit@icloud.org
Lance Kirkland,0883 259 538,vulputate.mauris@google.org
Carlos Snider,0215 884 323,molestie.dapibus@yahoo.ca
Amelia Burch,0345 736 392,hendrerit.a@google.com
Cadman Rowe,0381 172 382,a.odio@icloud.couk
Constance Medina,0392 397 649,hendrerit.id@icloud.ca
Brock Roth,0669 243 644,aliquam.auctor@outlook.ca
Lael Battle,0543 477 478,turpis.in.condimentum@aol.couk
Nina Parks,0818 252 728,sit.amet@aol.ca
Yael Torres,0844 854 564,neque.venenatis@protonmail.ca
Hermione Cantrell,0589 424 642,convallis@outlook.edu
Idona Lester,0541 673 234,eget.odio@google.com
Darius Jacobs,0473 723 537,ac@outlook.couk
Harper Raymond,0654 662 222,hymenaeos.mauris@hotmail.edu
Drake Nunez,0621 494 426,vel.turpis@outlook.edu
Elijah Madden,0648 482 977,elit@aol.net
Chanda Hogan,0475 257 151,ante.blandit.viverra@aol.ca
Jena Bentley,0333 624 562,metus.facilisis@protonmail.com
Jemima Estrada,0377 922 336,nisl.nulla@yahoo.edu
Sage Lewis,0822 974 378,semper.et@yahoo.org
Marvin Gardner,0769 782 238,suspendisse.dui@aol.edu
Fiona Chaney,0746 732 251,amet.consectetuer@aol.edu
Teagan Sanford,0726 763 887,tellus.lorem@hotmail.org
Desirae Carr,0712 285 957,semper.erat.in@icloud.com
Callie Humphrey,0561 872 522,ac.arcu@icloud.org
Shelby Shaw,0616 327 537,pellentesque.tincidunt@google.couk
Charde Beasley,0272 652 786,interdum@outlook.org
Donna Villarreal,0691 374 352,id.nunc@outlook.org
Stephen Gillespie,0754 368 674,lobortis.class@protonmail.couk
Tashya Hinton,0474 843 958,cursus.nunc.mauris@hotmail.couk
Amir Dominguez,0275 259 443,eu.odio@google.couk
Celeste Moreno,0717 923 551,sodales.mauris@protonmail.ca
Yasir Guerra,0224 365 834,ullamcorper.duis@google.net
Logan Mcclure,0338 622 788,justo.faucibus@outlook.org
Clayton Harrell,0237 697 883,cursus.vestibulum@google.edu
Maia Carrillo,0337 382 398,non.luctus@google.com
Elton Delgado,0769 636 826,mattis.cras@icloud.ca
Adele Irwin,0151 959 348,ultrices.duis@aol.net
David Doyle,0573 153 664,netus.et.malesuada@icloud.com
Flynn Long,0359 422 798,donec.nibh@outlook.ca
Zahir Bush,0861 199 582,dapibus.rutrum@yahoo.net
Madison Le,0552 651 731,tempus@yahoo.com
Alec Gregory,0758 443 675,curae@yahoo.ca
Megan Foster,0576 621 542,lobortis@aol.couk
Marshall Woodard,0599 576 317,scelerisque.neque@outlook.edu
Camilla Tucker,0294 552 486,mauris.sit@google.edu
Mannix Livingston,0697 618 561,ipsum.leo@yahoo.ca
Kennan Stark,0655 478 244,posuere@yahoo.org
Priscilla Bright,0173 449 338,nisl.elementum.purus@google.net
Harlan Montgomery,0458 387 727,sed@icloud.ca
Maxwell Bryant,0117 642 477,lorem@icloud.couk
Blaze Lane,0557 774 766,aliquam@icloud.edu
Fitzgerald Zamora,0746 647 323,montes.nascetur.ridiculus@hotmail.org
Stephanie Smith,0789 646 645,nulla.eget@yahoo.org
Mira Shaw,0589 475 266,scelerisque.dui@icloud.ca
August Fox,0214 256 673,ornare@outlook.couk
Skyler Booth,0547 462 463,sapien.cras.dolor@outlook.couk
Victoria Love,0453 835 553,diam.at.pretium@hotmail.ca
Adele Gregory,0412 482 932,ligula@outlook.net
Maia Finch,0138 572 545,eget.metus.in@outlook.ca
Kiona Bush,0568 462 547,sem.magna.nec@protonmail.net
Tarik Morris,0454 887 453,faucibus@icloud.edu
Lila Ellis,0752 573 383,placerat@aol.couk
Armand Carney,0946 737 426,nec.luctus@outlook.org
Teagan Wolfe,0686 443 257,et.euismod@yahoo.edu
Louis Sweeney,0546 458 212,sollicitudin.commodo@icloud.ca
Jena Mosley,0346 987 662,convallis.in.cursus@protonmail.org
Montana Mullins,0383 977 887,convallis.convallis@icloud.ca
Pamela Harrison,0484 216 919,mauris@outlook.couk
Mechelle Snider,0362 343 477,magna@hotmail.com
Rhea Zamora,0451 453 689,sed@icloud.edu
Tasha Buckner,0335 545 164,turpis.nulla.aliquet@yahoo.net
Uta Mccall,0236 396 225,libero@aol.com
Gareth Moreno,0362 849 776,gravida@icloud.org
Ariana Blair,0558 478 738,et@aol.couk
Knox Puckett,0828 882 932,sapien@yahoo.couk
Libby Lewis,0645 482 154,suspendisse.eleifend@aol.net
Kaitlin Shepherd,0479 362 549,in.lorem@yahoo.couk
Boris Morrow,0844 743 525,nisl.maecenas@yahoo.edu
Anne Gray,0635 763 329,massa.mauris@outlook.com
Brooke Garrison,0167 244 293,quis@aol.edu
Brynn Holder,0139 979 876,orci@outlook.ca
George Pitts,0372 847 469,ac.turpis@protonmail.edu
Prescott Irwin,0841 953 774,nunc@hotmail.ca
Sasha Ramos,0445 297 584,molestie.tortor@aol.com
Martena Morrow,0772 794 457,viverra.donec@hotmail.couk
Jason Guzman,0255 345 688,enim.non@protonmail.edu
Melyssa Anthony,0137 253 383,vel@hotmail.couk
Madaline Wilson,0878 247 298,suspendisse.commodo@icloud.ca
Hedley Edwards,0767 652 463,tempus.mauris@aol.net
Nigel Barker,0847 332 587,amet@yahoo.com
Gemma Battle,0844 626 345,sem.elit.pharetra@protonmail.com
Aline Stanley,0713 163 554,nunc.sed@yahoo.couk
Blythe Bass,0144 827 266,odio@aol.net
Fletcher Espinoza,0634 563 776,justo@aol.ca
Reese Potter,0296 235 838,justo.nec@hotmail.ca
Jared Branch,0246 322 562,lectus@hotmail.ca
Eagan Garner,0521 964 845,feugiat.tellus.lorem@aol.com
Tucker Boone,0286 564 316,in@outlook.edu
Yolanda Richardson,0952 783 245,augue.scelerisque@google.com
Bree Herring,0276 475 742,sem.elit.pharetra@protonmail.ca
Kamal Spence,0767 765 872,vulputate.dui.nec@outlook.ca
Kaye Dominguez,0925 335 635,lorem.eu.metus@google.com
Hunter Mccarty,0327 267 683,consequat.dolor@outlook.couk
Odette Carson,0886 428 428,morbi.vehicula.pellentesque@protonmail.org
Bianca Kaufman,0697 864 429,molestie.sed@yahoo.org
Savannah Pierce,0346 246 756,class.aptent@aol.net
Vernon Pratt,0541 888 612,adipiscing.enim.mi@hotmail.com
Zachary Jennings,0379 236 825,in@google.ca
Keane Charles,0842 242 794,nibh.quisque.nonummy@protonmail.couk
Melanie Meadows,0567 884 654,sem@hotmail.ca
Calvin Adams,0434 575 716,ad.litora@google.org
Francis Livingston,0859 867 583,nec.enim@google.net
Donovan Herring,0745 567 343,dis.parturient@yahoo.net
Colette Strong,0999 727 235,nulla.eu.neque@icloud.net
Brynne Erickson,0536 485 385,dolor.elit@icloud.org
Marah Mooney,0627 449 572,pharetra@aol.org
Alea Mcdowell,0865 541 413,molestie.in.tempus@aol.net
Raymond Roach,0629 874 444,gravida.sagittis@yahoo.org
Juliet Carney,0933 436 267,vestibulum.massa.rutrum@protonmail.net
Quamar Little,0735 837 384,nunc.quisque@yahoo.edu
Hyatt Torres,0424 664 652,at.auctor@hotmail.couk
Medge Reed,0355 334 538,non.sollicitudin.a@icloud.org
Bruce Browning,0284 556 652,suspendisse@protonmail.edu
Karina Lloyd,0266 869 325,fusce.diam@icloud.ca
Ezekiel Barnes,0684 968 269,aliquam.nec@yahoo.org
Jeremy Booker,0676 595 735,eu.odio@hotmail.couk
Melissa Melendez,0277 734 895,vitae.diam@protonmail.couk
Elton Sutton,0458 285 229,ridiculus.mus@icloud.org
Kylan Flynn,0217 432 469,sapien@outlook.org
Dara Roach,0724 647 847,lacus.aliquam@icloud.com
Desiree Wilkins,0272 579 631,nisi.dictum@protonmail.com
Kennedy Douglas,0565 263 995,nunc@protonmail.edu
Madison Gilmore,0498 555 558,ut@hotmail.com
Oprah Nash,0587 682 236,velit.egestas@yahoo.ca
Fatima Sosa,0447 854 657,donec.dignissim@yahoo.edu
Elmo Spears,0747 367 626,massa@hotmail.com
Lucius Bolton,0776 178 273,quam@aol.org
Ava Lucas,0819 953 343,tempus@icloud.net
Shay Hutchinson,0245 152 171,non.lobortis.quis@protonmail.edu
George Contreras,0726 492 967,a.facilisis.non@icloud.edu
Britanney Mcclain,0718 937 481,dis@outlook.ca
Evangeline Pollard,0261 327 129,ridiculus.mus.aenean@outlook.net
George Baxter,0868 242 232,vitae.velit@google.org
Dexter Mccarthy,0758 662 289,ridiculus.mus.proin@google.couk
Tucker Johnson,0262 195 865,id.enim@protonmail.net
Jamal Pope,0264 836 441,erat.eget@aol.net
Tiger Hahn,0154 513 134,nunc@icloud.com
Claudia Sutton,0825 128 922,sem.semper.erat@google.org
Carter Larsen,0437 353 555,odio.a@outlook.com
Frances Spencer,0281 758 565,ornare.in@yahoo.org
Jerry Kirby,0427 867 333,nullam.enim@yahoo.com
Lana Goff,0278 551 565,gravida.sagittis.duis@aol.net
Barbara Fernandez,0317 836 564,parturient.montes.nascetur@hotmail.ca
Blake Lewis,0435 414 226,dolor.dapibus@icloud.ca
Arsenio Downs,0272 342 676,malesuada.fames@protonmail.net
Rachel Wolfe,0591 947 694,donec@hotmail.net
Ivan Atkinson,0237 295 295,dolor@hotmail.couk
Adam Maddox,0532 483 267,sit.amet.dapibus@icloud.ca
Uriel Fitzgerald,0923 492 443,mauris.ut@protonmail.org
Felicia Johns,0849 879 216,arcu@yahoo.com
Leroy Lamb,0927 522 442,mollis.vitae@outlook.org
Anika Michael,0747 962 762,ac.sem@hotmail.net
