name,email
Egestas Ligula Industries,sed@icloud.org
Sem Consequat Incorporated,nibh.sit.amet@protonmail.com
Ipsum Porta Corp.,lacus@hotmail.edu
Nonummy Ut Inc.,sed.turpis.nec@protonmail.couk
Nec Ante Inc.,ut.quam@google.org
Volutpat Institute,ipsum.sodales@yahoo.net
Faucibus Orci Company,mauris.blandit@protonmail.com
Vel LLC,vivamus.rhoncus@outlook.net
In Foundation,dictum@yahoo.ca
Ultrices Sit LLC,pede.ac@hotmail.net
Arcu Vel Industries,iaculis.nec@google.ca
Ac LLP,scelerisque.sed.sapien@aol.org
Ridiculus Mus Industries,porttitor@outlook.ca
Hendrerit Id PC,nulla.semper@hotmail.org
Hendrerit Donec Foundation,eget.mollis@aol.org
Orci Foundation,blandit@aol.net
Maecenas Malesuada Corp.,scelerisque@yahoo.org
Massa Quisque Industries,justo.faucibus@protonmail.ca
Augue Porttitor PC,curabitur.ut@google.ca
Lectus Limited,euismod.ac.fermentum@outlook.edu
Ut Lacus Nulla Ltd,egestas@google.com
Sociis Foundation,quam@hotmail.ca
Eros Proin Corp.,feugiat@google.ca
Ut Odio Industries,diam.eu.dolor@icloud.ca
Magna Phasellus LLC,sit.amet.orci@google.net
Urna PC,magnis@google.com
Velit Egestas Lacinia LLC,gravida.praesent@google.com
Diam LLP,nunc.sollicitudin@aol.couk
Nunc Commodo Auctor LLC,fringilla.ornare@hotmail.com
Integer Eu Associates,egestas.fusce.aliquet@hotmail.com
Vulputate Lacus Incorporated,felis.ullamcorper@google.net
Neque Sed Industries,accumsan.sed@aol.couk
Et Libero Corporation,sodales@aol.edu
Ut Ipsum Ac LLP,nulla.cras.eu@icloud.net
Metus Vitae LLC,purus.in@hotmail.couk
In Aliquet Corp.,mauris.ipsum@google.com
In Magna PC,class.aptent@aol.edu
Egestas Rhoncus Proin Ltd,blandit.enim.consequat@outlook.couk
Non Sapien LLP,a@outlook.net
Etiam Gravida Molestie Ltd,in.tincidunt.congue@protonmail.net
Sit Amet Lorem Limited,odio.auctor.vitae@hotmail.edu
Sagittis Lobortis Mauris Institute,pede.malesuada.vel@protonmail.net
Bibendum Ullamcorper Corp.,sed.dictum@outlook.ca
Amet Consectetuer Corporation,quam.vel@aol.edu
A Facilisis PC,bibendum.fermentum@google.org
Purus Gravida Sagittis Ltd,eu.ultrices.sit@yahoo.com
Duis Consulting,sem.pellentesque.ut@hotmail.net
Pellentesque Tellus LLP,dolor.nonummy@yahoo.edu
Ligula Inc.,nec.orci.donec@google.org
Tristique PC,risus.nunc.ac@outlook.edu
At Risus Nunc Industries,sem.nulla.interdum@icloud.edu
Ornare Sagittis LLC,cras.convallis@outlook.couk
Duis Volutpat Consulting,pellentesque.habitant@outlook.net
Arcu Morbi PC,varius@yahoo.couk
Fringilla Consulting,egestas@aol.org
Leo Morbi Neque Incorporated,sed@outlook.org
Lorem Ipsum Dolor Institute,a.auctor@aol.org
Auctor Odio A Company,mauris.a@icloud.org
Ac Libero Nec PC,libero@outlook.couk
Porttitor Scelerisque Neque Foundation,purus.sapien.gravida@icloud.net
A Company,magnis.dis.parturient@yahoo.couk
A Ultricies Industries,praesent@icloud.org
Nec Euismod Incorporated,tellus.suspendisse@yahoo.net
Gravida Aliquam Foundation,praesent.luctus@aol.couk
Pede Limited,phasellus.fermentum@google.couk
Ipsum LLC,mus.aenean@protonmail.org
Et Ultrices LLP,euismod.enim@protonmail.com
Aliquet Magna LLP,molestie.arcu@aol.net
Aliquet Molestie Limited,amet.consectetuer@google.org
Massa Quisque Corporation,vitae.risus@icloud.org
Donec Felis Industries,pellentesque.habitant@icloud.edu
Risus Nulla Institute,nulla.aliquet@yahoo.org
Est Nunc Incorporated,sociosqu.ad@outlook.couk
Donec Nibh Quisque Ltd,ante.iaculis.nec@protonmail.couk
Feugiat Non Incorporated,erat.eget@outlook.com
Lobortis Risus In Corp.,risus.at@aol.ca
Nibh Dolor Industries,nullam.enim.sed@google.edu
Et Netus Et PC,sapien.aenean@outlook.org
Congue Elit PC,gravida.aliquam@aol.edu
Aliquet Odio Corp.,et@hotmail.edu
Phasellus LLC,leo.elementum.sem@protonmail.net
Quam Quis Industries,erat.neque@yahoo.couk
Venenatis Foundation,aliquam.nec.enim@outlook.couk
Egestas Nunc Consulting,urna.nec@google.ca
Nunc Pulvinar Limited,a.magna@protonmail.couk
Enim Nec Associates,vestibulum@yahoo.ca
Aliquam Enim Incorporated,natoque.penatibus@hotmail.couk
Fusce Foundation,adipiscing.fringilla@outlook.com
Mi Felis Corporation,lectus.pede@aol.ca
Consectetuer Rhoncus Corp.,eget@hotmail.com
Sem Consulting,molestie.tellus.aenean@yahoo.couk
Tempor Lorem Eget Limited,aliquam@icloud.ca
Et Foundation,montes.nascetur.ridiculus@outlook.net
Enim LLP,vestibulum.mauris@outlook.org
Curabitur Foundation,cum.sociis.natoque@outlook.couk
Feugiat Lorem Ipsum Associates,ligula.nullam.feugiat@aol.couk
Felis Orci LLP,neque.tellus@yahoo.org
Ridiculus Mus Proin LLP,tempor.est@outlook.ca
Auctor Ullamcorper Nisl Foundation,duis.at@yahoo.ca
Magnis Dis Parturient Limited,in.ornare@hotmail.edu
